#{"t_start": 1766559234.0708675, "env_id": "BipedalWalker-v3"}
r,l,t
-115.984094,107,0.108461
-104.872902,117,0.212821
-105.936861,60,0.327379
-116.091655,1600,2.236576
-112.719024,44,2.283078
-107.651688,86,2.360221
-129.252533,125,3.653296
-118.614409,89,3.724382
-102.209216,112,3.808224
-104.209259,82,3.868741
-119.338135,91,3.943295
-118.081345,60,3.993376
-104.706786,162,4.12012
-129.146246,1600,7.575152
-109.684567,1600,8.745674
-102.855114,60,8.787618
-117.251917,62,8.831635
-119.344189,1600,11.473774
-109.487626,66,11.522694
-152.535395,590,19.960121
-105.255708,71,20.205244
-125.743882,78,20.416299
-108.736138,62,20.543824
-107.981684,56,20.648904
-122.474892,149,20.843002
-109.002451,78,20.948575
-110.024718,129,21.074099
-106.107668,77,21.188737
-110.378973,69,21.255875
-115.392011,63,21.321026
-94.678086,1600,24.465051
-107.431384,46,24.5025
-109.254105,60,24.549659
-107.445935,56,24.588611
-130.928689,143,24.689334
-109.182286,52,24.729906
-100.356649,68,24.775852
-110.746355,153,24.892457
-120.726342,59,24.93261
-120.287699,83,24.998221
-107.544629,59,25.051216
-117.14731,137,25.144932
-96.751691,1600,27.707189
-100.627832,59,27.766257
-124.282652,97,27.874778
-107.196996,1600,30.266831
-170.014541,588,30.720642
-129.69462,156,30.830369
-114.073496,64,30.876369
-125.828075,131,30.967641
-112.265764,63,31.028105
-124.499513,1600,33.289581
-117.414125,90,33.366135
-116.433548,67,33.424188
-121.186064,74,33.475248
-105.834231,69,33.525783
-118.102904,81,33.580783
-133.108401,1600,35.790562
-99.138659,69,35.838075
-118.176807,65,35.889078
-115.249033,53,35.933168
-87.769658,1600,38.213348
-109.383043,64,38.271343
-114.057075,48,38.310865
-113.451908,50,38.343865
-110.092327,49,38.377861
-109.44742,74,38.430045
-119.959526,73,38.482113
-110.723654,88,38.541707
-118.250014,103,38.616237
-117.599748,71,38.670975
-107.160409,57,38.70949
-108.208806,109,38.780493
-111.697604,1600,41.167309
-113.488903,69,41.213869
-85.556345,1600,43.466286
-86.190854,1600,45.707982
-117.511315,79,45.769194
-106.065224,68,45.830728
-99.736611,69,45.890778
-108.241477,59,45.93595
-101.29865,54,45.974015
-79.969057,1600,48.292182
-110.471266,70,48.353734
-111.486534,72,48.41775
-82.041821,1600,49.61515
-115.65432,83,50.83307
-102.035689,1600,51.992851
-87.135718,1600,54.418125
-69.796841,1600,56.700665
-96.387466,1600,58.904841
-83.488139,1600,60.108192
-61.913138,1600,62.44765
-67.993197,1600,64.637994
-107.081017,87,64.707265
-50.308306,1600,66.819299
-46.807902,1600,69.056565
-41.095374,1600,70.214186
-43.669822,1600,72.52926
-21.913765,1600,74.70926
-107.259682,101,74.776484
1.25697,1600,77.06043
-106.966167,77,77.112423
-123.876918,90,77.183918
-5.274857,1600,79.548558
-16.077721,1600,80.724147
0.51258,1600,83.006337
24.499849,1600,85.149338
-107.306344,87,85.225391
32.514229,1600,87.411435
32.30398,1600,89.563779
49.955731,1600,90.72532
20.36299,1600,92.933501
-108.827636,66,92.9895
48.891359,1600,95.169296
-87.928812,642,95.61567
58.809097,1600,97.753239
-115.576788,144,97.86781
65.468011,1600,100.182944
-111.739415,73,100.235063
66.95919,1600,102.543961
96.036301,1600,104.695678
69.568048,1600,105.881606
111.41283,1600,108.087077
127.40131,1600,110.394133
136.190598,1600,112.855915
131.259476,1600,114.093901
146.645436,1600,116.413287
138.864799,1600,118.783209
138.159164,1600,121.144645
-65.816388,502,121.515426
119.499686,1600,123.880141
140.612474,1600,126.216269
148.142391,1600,127.385226
130.718752,1600,129.806579
-124.06499,101,129.88753
148.706593,1600,132.205674
157.134755,1600,134.663116
166.079074,1600,136.947938
139.668356,1600,138.180748
179.015662,1600,140.558987
148.323729,1600,142.879561
168.207578,1600,145.399203
187.970482,1600,146.632609
182.922781,1600,148.954355
202.921132,1600,151.287192
195.285673,1600,153.560194
192.355299,1600,155.984713
190.436727,1600,157.222346
192.509558,1600,159.554756
187.051945,1600,161.703397
13.257637,872,162.365016
-71.286336,268,162.554062
188.524182,1600,164.971608
208.22338,1600,773.804686
211.43654,1600,21065.262611
200.826311,1600,21072.606998
163.863988,1600,21075.804431
193.55683,1600,21079.322188
-116.820848,61,21079.379716
-114.891942,46,21079.428151
-118.922424,74,21079.495559
196.288447,1600,21082.055688
-32.552072,753,21082.721661
204.415992,1600,21085.571798
204.848071,1600,21088.35843
193.043859,1600,21090.845952
210.934372,1600,21093.876593
121.383064,1600,21096.325632
93.25949,1600,21103.064434
200.317937,1600,21109.14527
104.556528,1546,21114.649483
207.171471,1600,21117.578943
6.356115,918,21120.950895
1.372795,886,21122.273673
130.998401,1600,21127.86521
208.634895,1600,21132.559878
194.086209,1600,21137.240714
-23.403824,733,21138.21186
-115.624647,84,21138.347924
-54.587692,426,21138.969446
-104.977316,130,21139.112057
-113.85244,95,21139.22558
62.058083,1370,21142.312549
-106.409181,183,21142.505131
-115.294968,82,21142.595961
70.840912,1462,21145.699928
-38.597347,469,21146.111664
-111.149548,85,21146.191201
-49.340141,495,21146.644537
-111.872422,134,21146.768369
216.520857,1600,21149.547024
-80.708866,371,21149.881271
-75.91321,284,21151.622577
193.710406,1600,21153.047547
201.430329,1600,21156.054896
26.015541,1071,21158.581675
68.462597,1489,21160.029902
29.957218,1048,21162.44769
-55.312563,404,21162.885972
208.142195,1600,21165.876112
-116.792257,60,21165.939319
48.20825,1175,21167.106767
37.884025,1144,21169.70174
220.827148,1600,21172.622677
201.541332,1600,21175.492523
31.048407,1113,21176.531993
214.812293,1600,21179.330175
205.102204,1600,21182.059263
215.508448,1600,21183.503005
226.690997,1600,21186.280661
234.263174,1600,21189.10061
-56.11238,339,21189.417875
230.855016,1600,21192.016872
220.786119,1600,21194.696548
230.028955,1600,21197.454726
-5.505021,766,21198.167603
233.376754,1600,21200.828949
-23.660792,562,21201.363343
-38.463838,569,21201.800695
-98.8352,112,21201.894531
241.005019,1561,21204.456537
71.296401,1131,21206.781295
-100.242061,176,21206.942999
-40.08762,605,21207.529262
-34.756688,612,21208.077771
-101.91541,92,21208.160975
20.137214,1064,21210.697649
-31.968057,543,21211.294864
93.71052,1555,21214.216927
8.02353,927,21215.111846
81.38111,1290,21217.905865
8.442797,866,21218.748691
221.328518,1600,21221.731043
-81.480824,322,21222.05298
-93.697422,227,21222.291338
247.070127,1569,21225.409184
233.387679,1600,21228.485266
-0.513912,794,21229.21636
237.136218,1600,21231.928202
-17.820612,660,21232.49631
-2.694051,882,21234.532452
38.861705,1210,21235.604322
243.189698,1586,21238.907049
-53.341473,508,21239.441641
-107.701775,187,21241.152934
-114.784052,94,21241.246043
217.521089,1600,21242.832015
-101.489259,139,21242.975464
-1.615394,803,21245.246678
-71.583275,391,21245.647224
46.768385,1267,21248.303922
231.057317,1600,21249.834806
-61.285794,460,21251.729366
213.750977,1600,21253.29443
231.058046,1600,21256.299467
29.886038,1078,21258.8863
-32.55164,536,21259.361667
-45.136309,460,21259.850431
228.550119,1600,21262.647943
206.864125,1600,21265.087227
208.014065,1600,21268.653552
210.785418,1600,21270.189467
212.299065,1600,21272.806068
222.096205,1600,21275.247157
213.990086,1600,21277.991889
240.884399,1600,21280.579846
236.97824,1600,21281.810367
246.134254,1584,21284.256757
248.813725,1573,21286.734352
216.856635,1600,21289.203914
251.20156,1521,21290.514805
238.315848,1600,21292.953644
245.588158,1600,21295.404808
83.012297,1336,21297.629784
243.81439,1600,21298.850437
254.937739,1518,21301.315416
251.826668,1520,21303.758522
249.331757,1580,21306.238203
249.034781,1580,21307.591585
68.365679,1288,21309.828965
-31.29182,606,21310.279695
-63.225968,510,21311.928717
217.214014,1600,21313.200357
226.503889,1600,21315.724017
-25.747338,533,21316.112767
252.113012,1551,21318.48359
-99.281611,115,21318.579193
256.553926,1527,21321.078409
245.51229,1600,21323.577556
252.601958,1522,21324.789227
252.413895,1556,21327.224293
247.273668,1563,21329.666673
238.192114,1600,21332.261602
241.359181,1600,21334.726097
249.83527,1560,21335.961492
-52.947969,501,21337.582751
-52.10767,498,21337.976954
29.005086,862,21338.670599
-71.099253,393,21338.97457
252.285069,1547,21341.518519
253.015671,1514,21344.057328
254.419791,1519,21346.477116
-20.053762,688,21347.024733
250.734093,1565,21349.481285
240.533544,1600,21352.01649
-3.608429,874,21352.694263
255.518154,1494,21355.031113
214.734347,1600,21356.356649
-20.288978,674,21358.129184
252.521881,1522,21360.57025
60.163172,1079,21361.425169
255.994716,1508,21364.073621
57.223271,1121,21364.983288
252.959169,1525,21367.396653
-0.01479,939,21369.427044
248.776821,1583,21370.757624
253.386701,1531,21373.311375
248.133707,1579,21375.862544
225.148133,1600,21378.378055
248.403803,1600,21379.686088
240.632844,1600,21382.199776
12.896257,832,21384.233168
252.840975,1536,21385.483955
252.837996,1595,21387.90881
252.633276,1576,21390.372284
258.48684,1499,21393.005807
208.91893,1600,21394.361523
251.766981,1570,21397.15638
252.27546,1583,21399.762031
253.983348,1557,21402.228933
252.779794,1579,21403.607244
249.260586,1600,21406.051224
249.41776,1595,21408.480247
-66.441262,273,21408.725334
251.612486,1578,21411.123741
237.817435,1600,21413.711924
255.277451,1520,21414.957658
-79.667456,207,21416.326158
-98.805693,158,21416.446994
121.886808,1439,21417.563153
-66.7939,292,21417.81614
255.572038,1547,21420.211991
223.157737,1600,21423.461767
53.145915,1600,21426.382168
18.410246,906,21427.121079
-7.652891,1600,21429.611873
-69.758643,426,21429.970652
253.85267,1536,21432.443807
-22.57366,719,21433.078499
122.572449,1484,21436.422334
254.023331,1534,21439.052652
245.746336,1600,21441.579603
245.870697,1600,21442.934457
252.243581,1551,21445.758359
256.898277,1504,21448.255574
-50.305929,347,21448.5435
-52.679605,349,21448.876577
40.184398,1119,21451.079595
-80.520784,234,21451.260204
-71.972643,327,21451.560428
254.59426,1556,21454.138527
233.535465,1600,21456.817219
230.96335,1600,21458.135951
255.370326,1549,21460.57884
259.553717,1459,21462.998859
-56.850326,408,21463.310715
256.171845,1487,21466.015487
254.677694,1513,21467.281303
29.887877,790,21469.178224
253.038609,1578,21471.668403
-41.836206,627,21472.211662
254.334708,1507,21474.580241
251.96514,1553,21475.860253
262.42281,1462,21478.386217
-5.856258,676,21478.971606
255.170542,1540,21481.513714
256.052076,1552,21484.130597
254.128428,1589,21486.802499
251.750455,1586,21489.331994
259.77491,1523,21490.539435
261.243609,1457,21492.926711
252.724495,1577,21495.528859
252.211982,1566,21498.181585
264.086502,1434,21499.393327
106.897349,1221,21501.613451
23.887551,974,21502.433558
-68.176423,523,21504.088118
213.249562,1600,21505.364017
253.876906,1575,21507.99151
258.632617,1491,21510.340016
-50.403155,403,21510.674789
255.826875,1551,21513.188146
260.440511,1490,21515.626153
140.001482,1498,21516.930862
259.711775,1482,21519.520097
250.104487,1600,21522.077017
-71.057074,282,21522.291232
259.502327,1526,21524.735195
79.724966,1190,21525.727755
257.40852,1510,21528.305799
258.653603,1516,21530.994854
262.832635,1465,21532.254174
258.979758,1457,21535.376422
257.252859,1545,21538.14851
260.119212,1446,21540.693715
259.639401,1507,21541.950045
253.707578,1558,21544.501998
261.414937,1460,21547.059213
34.4271,933,21547.749945
263.679313,1432,21550.273915
269.946358,1390,21552.668771
136.482729,1386,21553.768713
253.181841,1558,21556.30883
259.507254,1492,21558.730586
-4.533105,628,21559.263781
260.225909,1482,21561.930739
255.341205,1528,21564.39958
260.764833,1477,21565.619549
257.117874,1555,21568.140113
267.909402,1415,21570.565573
-64.546625,332,21570.835584
-2.597447,803,21571.481205
235.640225,1600,21574.087678
-52.334687,339,21574.361494
267.853858,1431,21576.850203
262.127597,1485,21579.338502
260.82352,1499,21580.705816
49.282959,862,21582.665007
263.684812,1482,21585.20733
266.282133,1455,21586.985181
3.073905,1600,21589.904591
258.162821,1542,21592.620533
-79.202494,288,21592.986356
251.044098,1600,21595.568942
-74.024937,339,21595.834244
259.678907,1464,21598.301961
265.998087,1486,21599.566789
266.796867,1477,21602.205073
113.098985,1348,21604.605323
257.966597,1532,21605.86926
246.11332,1600,21608.428698
20.879841,902,21610.37296
259.569551,1553,21611.695305
263.086931,1488,21614.146921
132.490015,1264,21616.442497
253.782962,1574,21618.974184
267.211044,1440,21620.127331
268.339972,1430,21622.639296
-63.611198,392,21622.984391
266.463609,1484,21625.41782
139.107733,1414,21627.80305
257.656859,1599,21629.143271
251.935177,1600,21631.782425
258.427196,1581,21634.4919
264.277522,1497,21636.981736
35.83966,1005,21637.775344
263.645057,1501,21640.28631
267.078004,1445,21642.833466
252.798429,1600,21644.203372
260.789109,1564,21646.839758
-74.148406,215,21647.044731
-40.771806,472,21647.418352
251.309482,1600,21650.022644
263.407953,1494,21652.43403
255.219426,1581,21655.175222
268.970227,1448,21656.347152
256.405372,1554,21658.762001
257.553672,1523,21661.22704
82.330066,1103,21662.189389
15.424132,741,21664.226168
-81.906592,356,21664.529213
256.781544,1549,21667.088676
259.574589,1536,21668.58262
231.347239,1600,21671.289746
239.107306,1600,21674.132183
263.595219,1479,21677.065679
262.999935,1478,21678.394694
267.752878,1436,21680.921103
-29.132107,512,21681.369373
265.145394,1461,21683.868711
270.875461,1408,21686.526433
48.821845,922,21687.318242
234.686385,1600,21689.80104
-34.736066,548,21690.266922
261.129149,1500,21692.776844
272.522985,1390,21695.295594
70.443731,1066,21696.230863
90.389069,1054,21699.113779
272.329167,1340,21700.668626
241.334498,1600,21703.444296
90.937368,1213,21705.987839
262.236433,1456,21709.745837
82.482091,1210,21711.231027
224.737454,1600,21714.760161
271.00797,1399,21718.200728
269.613021,1393,21719.721076
265.423794,1478,21722.96127
264.508089,1474,21726.165456
257.888675,1532,21727.785662
31.738942,870,21730.297438
255.908569,1600,21733.627419
256.269564,1591,21735.294892
257.164031,1549,21738.683647
-20.266857,640,21740.894674
248.785602,1600,21742.629289
261.535842,1496,21745.746684
258.88551,1515,21749.101533
252.968881,1586,21752.446056
261.533058,1502,21754.148656
264.276347,1469,21757.488429
240.820888,1600,21760.792933
266.837576,1442,21762.347426
258.846172,1513,21765.7079
239.63274,1600,21768.587501
236.319034,1600,21771.245539
265.899618,1435,21772.412607
249.274713,1600,21775.133111
260.493937,1513,21777.6255
114.030319,1207,21779.989689
-64.272886,265,21780.196185
-64.979447,292,21780.431787
116.930596,1148,21781.366724
17.341011,731,21783.287129
265.973982,1420,21784.501448
262.800115,1451,21787.036235
260.539021,1543,21789.663459
266.67383,1461,21792.12427
0.138716,592,21792.597219
5.041239,658,21793.228079
95.173711,1116,21795.41087
63.974107,936,21796.193954
127.259417,1258,21798.633726
263.261875,1492,21801.208188
-84.410958,148,21801.327606
32.191627,772,21801.988997
269.452135,1410,21804.413142
268.133723,1424,21805.581675
265.776176,1451,21808.032935
259.481497,1514,21810.655214
-90.527374,159,21810.785966
-35.52183,512,21811.258224
-2.029627,606,21811.813299
20.594054,756,21813.764385
24.915652,798,21814.442327
-3.128307,615,21816.211916
-95.043974,110,21816.298675
268.183833,1446,21817.527125
-23.405782,495,21819.19784
7.214389,685,21819.91233
-42.414757,395,21820.242413
-52.66194,317,21820.491066
-23.380401,573,21822.245719
-48.640791,364,21822.547921
-103.345289,166,21822.685977
-23.188483,433,21823.101109
-75.769136,231,21823.294496
10.921696,695,21823.869994
256.169524,1504,21826.413047
-97.547743,167,21826.544336
-34.041307,446,21826.918177
-77.71871,286,21828.428324
-87.261107,161,21828.574608
260.584127,1529,21829.876605
8.437341,830,21832.191787
-52.55835,320,21832.527265
-13.011591,523,21833.111374
-49.254535,339,21833.400972
-90.66065,176,21834.786507
109.17912,1360,21835.884801
49.145778,1021,21838.02306
64.4258,901,21838.749546
-106.824513,128,21838.851101
-51.265184,378,21839.172922
-26.006711,440,21840.820041
99.210134,1266,21841.851033
-57.412997,446,21842.253349
7.397572,724,21844.132412
-89.337763,128,21844.227536
-11.142418,642,21844.708944
71.121738,1142,21846.896963
-67.421688,312,21847.184531
110.991791,1325,21848.252928
8.032852,762,21850.121853
-0.215091,607,21850.668846
-79.210712,264,21850.984228
255.877364,1557,21853.440342
252.661916,1583,21856.006423
41.980124,995,21856.809796
252.036116,1600,21859.583636
126.310121,1570,21862.227397
258.187016,1535,21864.732075
36.977292,865,21865.474834
-62.036294,302,21865.71517
-40.924094,438,21866.217658
256.898615,1541,21868.696366
25.606987,970,21870.755467
125.907164,1493,21872.191189
-96.249043,192,21872.340003
256.969978,1562,21874.895574
-54.401842,305,21875.179089
-87.872133,142,21875.288697
245.390667,1600,21877.756131
-35.119671,446,21878.120929
-54.363188,436,21879.674943
77.522108,1134,21880.603292
-86.259763,126,21880.70424
248.792548,1594,21883.284729
249.2776,1600,21885.968757
-98.773262,157,21886.178047
61.998464,1136,21887.43396
-91.718174,131,21889.215708
-91.9419,175,21889.404953
-14.58761,617,21889.997986
254.888098,1561,21892.822027
260.774635,1482,21894.176325
-54.28643,407,21895.721519
15.528274,870,21896.452656
15.599533,754,21897.140698
109.735253,1517,21899.759748
-81.057411,333,21900.064929
261.745095,1513,21902.76084
16.497284,794,21903.480168
107.853364,1315,21905.888785
-39.623614,516,21906.367643
-49.080137,463,21908.012182
18.384738,855,21908.714332
92.814682,1236,21910.977606
36.440737,1071,21911.843046
205.217161,1600,21914.475654
-86.853306,193,21914.624346
254.005126,1567,21917.258317
-61.81033,391,21917.585795
249.179525,1600,21920.174813
-97.275679,127,21920.281102
264.536209,1434,21921.470573
-76.993034,240,21922.934152
110.341115,1552,21924.523373
260.264178,1480,21926.972917
238.433394,1600,21929.449575
204.936828,1600,21932.032224
228.225311,1600,21933.424378
240.506993,1600,21936.173554
69.904326,1319,21938.596786
255.729996,1561,21941.1931
243.50345,1600,21942.537199
255.407368,1533,21945.17377
-2.317489,682,21945.709046
231.947438,1600,21948.25539
255.514469,1539,21950.715946
17.034242,737,21951.337616
253.311595,1555,21953.8241
259.631202,1493,21956.559145
257.560682,1502,21959.026158
241.259096,1600,21960.38912
-24.57306,613,21962.160483
255.655861,1554,21963.455089
251.419139,1593,21966.222786
238.991788,1600,21969.006134
-19.533099,669,21969.567427
247.271216,1588,21972.26269
230.306277,1600,21974.852614
259.988204,1491,21977.467162
124.697989,1513,21978.698663
254.454783,1581,21981.254143
265.541969,1433,21983.606173
38.252296,1025,21984.474783
42.066407,941,21986.626655
243.776324,1600,21989.182685
260.646995,1474,21990.379915
-81.021248,319,21990.666708
255.074819,1501,21993.231345
257.17035,1473,21995.704826
232.947299,1600,21998.682946
239.713925,1600,22000.010647
257.661118,1508,22002.525754
254.87164,1560,22005.198226
251.687725,1573,22008.167782
23.303677,825,22008.955523
252.90681,1555,22011.626666
259.59241,1432,22014.582329
248.288115,1600,22016.499263
259.498369,1490,22019.840631
248.004921,1574,22023.324764
256.519417,1504,22026.723299
249.903647,1572,22028.580163
250.639385,1544,22031.904411
235.435352,1600,22035.33092
239.836785,1600,22039.440508
249.331814,1600,22040.595647
251.683423,1536,22050.847064
238.044447,1600,22058.009488
251.923851,1531,22060.899648
250.925968,1566,22062.146081
-55.875602,304,22063.649631
11.677117,737,22064.214299
244.343053,1600,22067.039156
122.867938,1571,22068.475765
103.371095,1452,22071.575843
246.19844,1588,22075.225765
249.558146,1575,22078.875206
-27.381677,516,22079.389759
250.673732,1600,22082.260332
249.447315,1600,22084.892218
233.542526,1600,22086.099809
246.98912,1600,22088.565893
250.627095,1564,22090.910435
255.684936,1517,22093.161417
231.943285,1600,22094.393588
7.568345,759,22096.087513
-28.64172,552,22096.518041
-33.263866,560,22096.919798
246.64912,1600,22099.299848
237.506582,1600,22101.610728
253.62828,1600,22103.96042
253.933391,1579,22105.196497
254.969845,1528,22107.475811
256.111244,1505,22109.789453
242.264386,1600,22112.157455
241.200368,1600,22113.361603
255.672566,1539,22115.623789
248.683306,1600,22117.979921
226.770446,1600,22120.416347
13.596947,833,22121.030624
250.25484,1600,22123.401856
257.843073,1498,22125.760673
251.304438,1587,22126.974797
-59.449631,409,22128.520491
-3.910075,777,22129.131923
248.699321,1600,22131.520256
257.326537,1530,22133.772923
30.088381,857,22134.39836
254.374915,1560,22136.661854
229.543009,1600,22138.942992
-114.133662,145,22139.046537
261.696062,1472,22140.203923
249.084663,1588,22142.514984
230.257525,1600,22144.919707
226.41071,1600,22147.345568
251.336241,1590,22148.549412
-75.329606,320,22150.00939
-97.331996,164,22150.190296
245.845924,1600,22151.460212
248.259048,1600,22153.811715
249.238438,1578,22156.184798
129.647535,1600,22158.555323
253.43348,1596,22160.987558
212.39461,1600,22162.237394
238.465686,1600,22164.613981
-60.78843,396,22164.909756
230.842459,1600,22167.32063
215.990046,1600,22169.719729
-34.140657,678,22170.266867
38.382553,1123,22172.429525
237.500265,1600,22174.8585
-87.507341,186,22174.993238
237.338444,1600,22176.250253
250.452137,1523,22178.595814
254.465935,1510,22180.921236
251.970766,1515,22183.341017
248.871127,1584,22184.541456
-66.114956,319,22185.923017
237.339287,1600,22187.169849
27.371999,868,22189.02846
245.270826,1600,22191.520359
252.209288,1517,22192.708541
240.898962,1600,22195.095683
236.293274,1600,22197.533077
245.922196,1589,22199.898159
247.826213,1543,22201.089148
249.636983,1560,22203.688835
244.681623,1591,22206.142664
246.89358,1584,22208.565402
255.911034,1448,22209.705415
248.524253,1574,22212.108589
68.345231,1498,22214.49464
241.886327,1600,22216.916434
129.563645,1581,22218.113761
253.142483,1490,22220.479803
245.101941,1565,22222.955708
227.74021,1600,22225.404526
247.675994,1531,22227.781122
90.174393,1344,22228.804331
249.049054,1541,22231.192955
245.436365,1548,22233.73822
245.607044,1560,22234.951982
241.857875,1600,22237.380514
247.596202,1554,22239.791972
248.614471,1551,22242.129529
241.453473,1600,22244.639207
51.305643,1123,22245.473674
40.579722,907,22247.384561
241.474877,1600,22248.594737
244.882857,1599,22251.057267
242.647992,1600,22253.533627
246.192227,1582,22255.918256
234.289584,1600,22257.142462
249.358705,1520,22259.514825
251.492536,1507,22261.898984
14.278538,976,22262.667967
242.019067,1591,22265.19167
234.165794,1600,22267.902784
11.691829,948,22268.715711
76.362391,1279,22270.870414
247.827138,1536,22273.258121
249.993166,1502,22274.465471
252.586563,1475,22276.944216
243.487723,1594,22279.677863
249.696877,1521,22282.077462
245.307934,1549,22283.245776
246.803911,1545,22285.773074
238.170136,1600,22288.174839
241.278037,1600,22290.550198
97.06273,1371,22291.654207
217.178712,1600,22294.039255
44.536045,1032,22296.069552
240.302352,1600,22298.397651
243.715218,1589,22299.5929
224.030805,1600,22301.891563
246.919267,1555,22304.201333
209.130572,1600,22306.627398
226.109326,1600,22307.860792
205.306008,1600,22310.176819
23.161523,894,22312.062629
179.516799,1600,22313.337698
238.282107,1600,22315.686939
223.268713,1600,22317.982031
238.517739,1600,22320.420738
-22.828746,576,22320.851757
250.462142,1504,22323.462454
82.076468,1258,22324.541195
236.802437,1600,22327.07233
244.047152,1546,22329.501356
244.806079,1558,22331.832207
246.696028,1506,22333.033328
238.14235,1600,22335.43053
243.149368,1570,22337.935164
248.044083,1516,22340.550613
241.851367,1574,22341.950205
244.89547,1551,22344.599061
237.963663,1600,22347.179678
239.085079,1597,22349.560228
218.516021,1600,22351.974103
231.103004,1600,22353.202754
228.284014,1600,22355.623967
246.750548,1522,22358.014648
241.314247,1548,22360.684926
243.918712,1572,22361.895811
222.032954,1600,22364.601485
242.222552,1572,22367.078211
242.558242,1575,22369.615086
232.853665,1600,22371.957515
246.773391,1527,22373.274908
237.399838,1600,22375.683104
239.934483,1600,22378.172924
5.288741,944,22378.931602
247.303541,1537,22381.333845
243.021087,1558,22383.770771
239.857424,1600,22386.310488
240.542052,1600,22387.562812
242.865562,1574,22390.028772
238.04225,1600,22392.495761
245.880624,1546,22394.879644
243.335976,1600,22396.125765
233.950047,1600,22398.568175
18.591676,1092,22400.662723
252.37219,1484,22401.820703
243.068864,1565,22404.202943
248.612932,1533,22406.687216
244.315226,1581,22409.143749
